Block,Match_ID,Site,Year,Month,Date,Obs1.Time,Obs2.Time,Group.size,Cluster_size,Obs1,Obs2,Choidogjamts,Lat.1,Long.1,Obs1.AnglePath,Obs1.AngleDetection,Obs1.Distance,Latnear,Lonnear,Neardistance,Obs1.Class1,Obs1.Class2,Obs1.Class3,Obs1.Class4,Obs1.AF,Obs1.Young,Obs1.Kid,Obs1.Unclassified,Obs2.Total,Obs2.Name,Lat.2,Long.2,Species,Sightings,Obs2.Class1,Obs2.Class2,Obs2.Class3,Obs2.Class4,Obs2.AF,Obs2.Young,Obs2.Kid,Obs2.Unclassified,total,Transect_Length
1,ZS01,ZS01,2022,10,27,,1319,6,,0,1,,,,,,,,,,,,,,,,,,0,Soronzonbold,43.40353,104.14619,,argali,,,,,5,1,,,6,7.736559851
1,ZS02,ZS02,2022,10,27,1226,,8,8,1,0,Choidogjamts,43.40973,104.06873,80,80,535,43.41124,104.07485,0,,3,,,3,1,1,,8,,,,ibex,ibex,,,,,,,,,0,9.924797426
1,ZS02,ZS02,2022,10,27,1453,1458,5,5,1,1,Choidogjamts,43.40825,104.09698,90,300,293,43.40825,104.09698,293,,,2,2,1,,,,5,Dorjsuren,43.40824,104.09697,ibex,ibex,,,2,2,1,,,,5,9.924797426
1,ZS02,ZS02,2022,10,27,1615,,2,2,1,0,Choidogjamts,43.41042,104.10732,70,140,203,43.41042,104.10732,203,,,,,1,,1,,2,,,,ibex,ibex,,,,,,,,,0,9.924797426
1,ZS02,ZS02,2022,10,27,1618,,9,9,1,0,Choidogjamts,43.40922,104.11008,65,160,380,43.40922,104.11008,380,1,2,3,,3,,,,9,,,,ibex,ibex,,,,,,,,,0,9.924797426
1,ZS02,ZS02,2022,10,27,1628,,1,1,1,0,Choidogjamts,43.40926,104.11062,65,20,266,43.40926,104.11062,266,,,1,,,,,,1,,,,ibex,ibex,,,,,,,,,0,9.924797426
1,ZS02,ZS02,2022,10,27,1700,,3,3,1,0,Choidogjamts,43.41122,104.11761,130,330,892,43.41122,104.11761,892,,,,1,2,,,,3,,,,argali,argali,,,,,,,,,0,9.924797426
1,ZS02,ZS02,2022,10,27,1717,,10,10,1,0,Choidogjamts,43.41125,104.11775,120,315,1130,43.41125,104.11775,1130,,,,2,,,,8,10,,,,argali,argali,,,,,,,,,0,9.924797426
1,ZS02,ZS02,2022,10,27,,1159,4,,0,1,,,,,,,,,,,,,,,,,,0,Dorjsuren,43.41008,104.04203,,ibex,1,,,,2,,1,,4,9.924797426
1,ZS02,ZS02,2022,10,27,,1240,4,,0,1,,,,,,,,,,,,,,,,,,0,Dorjsuren,43.40984,104.06427,,ibex,1,,,,1,,2,,4,9.924797426
1,ZS02,ZS02,2022,10,27,,1250,9,,0,1,,,,,,,,,,,,,,,,,,0,Dorjsuren,43.40984,104.06427,,ibex,2,,,,3,,4,,9,9.924797426
1,ZS02,ZS02,2022,10,27,,1632,8,,0,1,,,,,,,,,,,,,,,,,,0,Dorjsuren,43.40951,104.10522,,argali,2,,,,3,2,2,,9,9.924797426
1,ZS03,ZS03,2022,10,27,1009,1020,7,7,1,1,Enkhburen,43.42361,103.96085,90,20,50,43.42361,103.96085,50,2,1,,,3,,1,,7,Munkhtulga,43.42364,103.96084,ibex,ibex,2,1,,,3,,1,,7,9.46701533
1,ZS03,ZS03,2022,10,27,1050,1044,5,5,1,1,Enkhburen,43.42344,103.96313,90,0,400,43.42344,103.96313,400,,,1,,4,,,,5,Munkhtulga,43.42346,103.96313,ibex,ibex,,,1,,4,,,,5,9.46701533
1,ZS03,ZS03,2022,10,27,1051,1050,5,5,1,1,Enkhburen,43.42344,103.96313,90,40,500,43.42429,103.96646,200,,1,,,4,,,,5,Munkhtulga,43.42346,103.96313,ibex,ibex,,1,,,4,,,,5,9.46701533
1,ZS03,ZS03,2022,10,27,1051,1054,3,3,1,1,Enkhburen,43.42344,103.96313,90,90,700,43.42184,103.9726,20,,,,,,,,3,3,Munkhtulga,43.42346,103.96313,ibex,ibex,,,,,,,,3,3,9.46701533
1,ZS03,ZS03,2022,10,27,1301,1303,5,5,1,1,Enkhburen,43.41485,103.99341,90,20,600,43.41485,103.99341,600,,,1,,2,1,1,,5,Munkhtulga,43.4185,103.99339,argali,argali,,,,,,,,5,5,9.46701533
1,ZS03,ZS03,2022,10,27,1301,,4,4,1,0,Enkhburen,43.41485,103.99341,90,20,600,43.41485,103.99341,600,,,,,,,,4,4,,,,ibex,ibex,,,,,,,,,0,9.46701533
1,ZS03,ZS03,2022,10,27,1301,,10,10,1,0,Enkhburen,43.41485,103.99341,90,50,800,43.41462,104.00057,300,,3,1,,4,,2,,10,,,,ibex,ibex,,,,,,,,,0,9.46701533
1,ZS03,ZS03,2022,10,27,1302,,2,2,1,0,Enkhburen,43.41486,103.9934,90,100,1000,43.41402,104.00764,700,,,,,1,,1,,2,,,,ibex,ibex,,,,,,,,,0,9.46701533
1,ZS03,ZS03,2022,10,27,1302,,14,14,1,0,Enkhburen,43.41486,103.9934,90,150,1400,43.41402,104.00764,1000,,,1,,,,,13,14,,,,ibex,ibex,,,,,,,,,0,9.46701533
1,ZS03,ZS03,2022,10,27,1448,1449,20,20,1,1,Enkhburen,43.4113,104.01479,90,50,400,43.4116,104.01963,200,2,1,2,,7,3,5,,20,Munkhtulga,43.41129,104.01478,ibex,ibex,2,1,2,,7,3,5,,20,9.46701533
1,ZS03,ZS03,2022,10,27,1508,,7,7,1,0,Enkhburen,43.41158,104.01962,90,40,600,43.41104,104.02223,500,,,4,3,,,,,7,,,,ibex,ibex,,,,,,,,,0,9.46701533
1,ZS04,ZS04,2022,10,27,1119,,1,1,1,0,Tegshjargal,43.43207,104.09609,93,142,896,43.4314,104.10148,591,,,1,,,,,,1,,,,argali,argali,,,,,,,,,0,13.09787531
1,ZS04,ZS04,2022,10,27,1133,,2,2,1,0,Tegshjargal,43.43207,104.09609,95,180,1088,43.43207,104.09609,1088,,,,,2,,,,2,,,,argali,argali,,,,,,,,,0,13.09787531
1,ZS04,ZS04,2022,10,27,1301,,5,5,1,0,Tegshjargal,43.42009,104.12573,89,91,390,43.41919,104.12997,138,,,,,,,,5,5,,,,argali,argali,,,,,,,,,0,13.09787531
1,ZS04,ZS04,2022,10,27,1544,1545,5,5,1,1,Tegshjargal,43.41175,104.1707,271,300,121,43.41175,104.1707,121,,1,1,,2,1,,,5,Battumur,43.41174,104.1707,argali,argali,,1,1,,2,1,,,5,13.09787531
1,ZS04,ZS04,2022,10,27,1619,1615,24,24,1,1,Tegshjargal,43.40541,104.16322,138,120,642,43.40375,104.16461,468,,1,3,2,,,,18,24,Battumur,43.4054,104.1632,ibex,ibex,,1,3,2,,,,18,24,13.09787531
1,ZS05,ZS05,2022,10,27,1016,1233,4,4,1,1,Munkhchuluun,43.44083,104.0682,240,160,1572,43.44083,104.0682,1572,,,,,,,,4,4,Ankhbayar,43.43613,104.03014,ibex,ibex,,,2,1,1,,,,4,9.529345192
1,ZS05,ZS05,2022,10,27,1230,,10,10,1,0,Munkhchuluun,43.43739,104.03668,230,224,551,43.43739,104.03668,551,,2,1,,3,1,3,,10,,,,ibex,ibex,,,,,,,,,0,9.529345192
1,ZS05,ZS05,2022,10,27,1245,,3,3,1,0,Munkhchuluun,43.43614,104.03016,230,320,394,43.43614,104.03016,394,,,2,1,,,,,3,,,,ibex,ibex,,,,,,,,,0,9.529345192
1,ZS05,ZS05,2022,10,27,1256,,1,1,1,0,Munkhchuluun,43.43614,104.03016,260,250,1059,43.43614,104.03016,1059,,,1,,,,,,1,,,,ibex,ibex,,,,,,,,,0,9.529345192
1,ZS05,ZS05,2022,10,27,1440,,8,8,1,0,Munkhchuluun,43.43882,104.00312,300,164,1840,43.43882,104.00312,1840,,3,4,1,,,,,8,,,,ibex,ibex,,,,,,,,,0,9.529345192
1,ZS05,ZS05,2022,10,27,1443,,4,4,1,0,Munkhchuluun,43.43882,104.00312,300,315,1832,43.43882,104.00312,1832,,,,1,1,1,1,,4,,,,ibex,ibex,,,,,,,,,0,9.529345192
1,ZS05,ZS05,2022,10,27,1446,1500,3,3,1,1,Munkhchuluun,43.43882,104.00312,300,300,230,43.43882,104.00312,230,,,,,,,,3,3,Ankhbayar,43.43824,104.00315,ibex,ibex,,,,1,1,,1,,3,9.529345192
1,ZS05,ZS05,2022,10,27,1458,,1,1,1,0,Munkhchuluun,43.43882,104.00312,300,164,1829,43.43882,104.00312,1829,,,,1,,,,,1,,,,argali,argali,,,,,,,,,0,9.529345192
1,ZS05,ZS05,2022,10,27,1529,,14,14,1,0,Munkhchuluun,43.4385,103.99675,300,294,600,43.4385,103.99675,600,1,2,3,,3,2,3,,14,,,,ibex,ibex,,,,,,,,,0,9.529345192
1,ZS05,ZS05,2022,10,27,1630,,6,6,1,0,Munkhchuluun,43.4355,103.99023,297,160,520,43.43631,103.98648,520,,,1,1,2,,2,,6,,,,argali,argali,,,,,,,,,0,9.529345192
1,ZS05,ZS05,2022,10,27,1632,1602,6,6,1,1,Munkhchuluun,43.4355,103.99023,297,5,761,43.4355,103.99023,761,,1,1,,4,,,,6,Ankhbayar,43.43551,104.99029,ibex,ibex,,1,1,,1,,,,3,9.529345192
1,ZS05,ZS05,2022,10,27,,1355,3,,0,1,,,,,,,,,,,,,,,,,,0,Ankhbayar,43.43613,104.03014,,ibex,,,2,1,,,,,3,9.529345192
1,ZS05,ZS05,2022,10,27,,1452,3,,0,1,,,,,,,,,,,,,,,,,,0,Ankhbayar,43.43824,104.00316,,ibex,,,,,3,,,,3,9.529345192
1,ZS06,ZS06,2022,10,27,1200,,5,5,1,0,Munkhjargal,43.42471,104.18176,70,210,745,43.42471,104.18176,745,,,1,,3,,1,,5,,,,argali,argali,,,,,,,,,0,10.92526377
2,ZS07,ZS07,2022,10,27,,,,,0,0,,,,,,,,,,,,,,,,,,,,,,,,,,,,,,,,,11.21018379
2,ZS08,ZS08,2022,10,27,1039,,4,4,1,0,Purevee,43.46272,103.9918,125,320,924,43.46272,103.99918,924,,,,1,2,,1,,4,,,,ibex,ibex,,,,,,,,,0,17.51836036
2,ZS08,ZS08,2022,10,27,1042,,1,1,1,0,Purevee,43.46272,103.99918,125,320,672,43.46272,103.99918,672,,1,,,,,,,1,,,,argali,argali,,,,,,,,,0,17.51836036
2,ZS08,ZS08,2022,10,27,1050,,7,7,1,0,Purevee,43.46326,103.99903,130,320,1321,43.46326,103.99903,1321,,,,1,,,,6,7,,,,argali,argali,,,,,,,,,0,17.51836036
2,ZS08,ZS08,2022,10,27,1057,,12,12,1,0,Purevee,43.46703,103.9943,180,320,1292,43.46703,103.9943,1292,,,2,2,,,,8,12,,,,ibex,ibex,,,,,,,,,0,17.51836036
2,ZS08,ZS08,2022,10,27,1437,,1,1,1,0,Purevee,43.48526,103.89877,150,315,239,43.48526,103.89877,239,,1,,,,,,,1,,,,argali,argali,,,,,,,,,0,17.51836036
2,ZS08,ZS08,2022,10,27,,,2,,0,1,,,,,,,,,,,,,,,,,,0,Unurbat,43.47909,103.91179,,ibex,,1,,,1,,,,2,17.51836036
2,ZS09,ZS09,2022,10,27,1102,,6,6,1,0,Battsog,43.4747,104.03198,5,70,347,43.4747,104.03198,347,1,1,,,2,,2,,6,,,,argali,argali,,,,,,,,,0,13.75168772
2,ZS09,ZS09,2022,10,27,1146,1200,12,12,1,1,Battsog,43.47742,104.01,210,260,840,43.47742,104.01,840,,,1,1,,,,10,12,jargalsaikhan,43.47742,104.00999,ibex,ibex,1,,1,1,9,,3,,15,13.75168772
2,ZS09,ZS09,2022,10,27,1407,1407,10,10,1,1,Battsog,43.49316,103.96671,230,90,1500,43.49763,103.94762,650,,,1,1,6,,2,,10,jargalsaikhan,43.49316,103.96671,argali,argali,,,1,1,6,,2,,10,13.75168772
2,ZS09,ZS09,2022,10,27,1410,,4,4,1,1,Battsog,43.49316,103.96671,260,350,1200,43.4948,103.9615,159,,1,,,1,1,1,,4,jargalsaikhan,43.49316,103.96671,argali,argali,,1,,,1,1,1,,4,13.75168772
2,ZS09,ZS09,2022,10,27,1430,,23,23,1,0,Battsog,43.49516,103.95789,260,15,1300,43.49516,103.95789,1300,,,,1,,,,22,23,,,,argali,argali,,,,,,,,,0,13.75168772
2,ZS09,ZS09,2022,10,27,,1010,2,,0,1,,,,,,,,,,,,,,,,,,0,jargalsaikhan,43.47048,104.048,,ibex,,,,,1,,1,,2,13.75168772
2,ZS10,ZS10,2022,10,27,1240,,4,4,1,0,Tsolmonbayar,43.4591,104.12007,180,80,800,43.4591,104.12007,800,,,,,3,,1,,4,,,,ibex,ibex,,,,,,,,,0,10.63421253
2,ZS10,ZS10,2022,10,27,1250,,5,5,1,0,Tsolmonbayar,43.4591,104.12007,120,190,1500,43.4591,104.12007,1500,,,,,,,,5,5,,,,ibex,ibex,,,,,,,,,0,10.63421253
2,ZS19,ZS19,2022,10,28,1153,,11,11,1,0,Tegshjargal,43.5107,103.88655,290,240,911,43.51089,103.88165,437,,,,,,,,11,11,,,,ibex,ibex,,,,,,,,,0,7.285382
2,ZS19,ZS19,2022,10,28,1250,1249,1,1,1,1,Tegshjargal,43.51184,103.8787,300,330,922,43.51184,103.8787,922,,,,1,,,,,1,Ankhbayar,43.51185,103.87874,argali,argali,,,,1,,,,,1,7.285382
2,ZS21,ZS21,2022,10,27,930,,14,14,1,0,Ulambayar,43.44587,103.98788,60,90,700,43.44587,103.98788,700,,,1,,,,,13,14,,,,argali,argali,,,,,,,,,0,11.0751436
2,ZS21,ZS21,2022,10,27,1017,,4,4,1,0,Ulambayar,43.45183,103.97536,60,90,720,43.45234,103.97441,500,,1,1,,1,1,,,4,,,,argali,argali,,,,,,,,,0,11.0751436
2,ZS21,ZS21,2022,10,27,1130,1048,5,5,1,1,Ulambayar,43.45417,103.9613,120,75,264,43.45417,103.9613,264,,1,1,,2,1,,,5,Ganbold,43.45432,103.96188,argali,argali,,1,1,2,1,,,,5,11.0751436
2,ZS21,ZS21,2022,10,27,1200,,9,9,1,0,Ulambayar,43.45942,103.95048,60,,150,43.45934,103.94988,150,,1,1,1,4,2,,,9,,,,argali,argali,,,,,,,,,0,11.0751436
3,ZS11,ZS11,2022,10,28,1058,,9,9,1,0,Munkhchuluun,43.4617,104.2382,239,340,305,43.46347,104.23607,211,,,,,5,,4,,9,,,,ibex,ibex,,,,,,,,,0,8.519611581
3,ZS11,ZS11,2022,10,28,1122,,12,12,1,0,Munkhchuluun,43.46347,104.23607,306,20,281,43.46473,104.23495,222,,,3,1,6,,2,,12,,,,ibex,ibex,,,,,,,,,0,8.519611581
3,ZS11,ZS11,2022,10,28,1250,,5,5,1,0,Munkhchuluun,43.46935,104.24351,49,40,356,43.46892,104.24623,259,1,,,2,1,,1,,5,,,,ibex,ibex,,,,,,,,,0,8.519611581
3,ZS11,ZS11,2022,10,28,1302,,6,6,1,0,Munkhchuluun,43.47399,104.27449,333,280,192,43.47399,104.27449,333,2,,,,3,,1,,6,,,,ibex,ibex,,,,,,,,,0,8.519611581
3,ZS11,ZS11,2022,10,28,,1430,6,,0,1,,,,,,,,,,,,,,,,,,0,Batbold,43.46943,104.27634,,ibex,,,,,3,,3,,6,8.519611581
3,ZS11,ZS11,2022,10,28,,1517,6,,0,1,,,,,,,,,,,,,,,,,,0,Batbold,43.47404,104.27457,,ibex,,1,,,4,,1,,6,8.519611581
3,ZS12,ZS12,2022,10,28,1220,,7,7,1,0,Enkhburen,43.4678,104.21385,90,40,300,43.46788,104.21604,250,1,1,,1,2,1,1,,7,,,,ibex,ibex,,,,,,,,,0,10.17131414
3,ZS12,ZS12,2022,10,28,1224,,6,6,1,0,Enkhburen,43.4678,104.21385,90,30,500,43.46788,104.21604,400,,1,3,2,,,,,6,,,,ibex,ibex,,,,,,,,,0,10.17131414
3,ZS12,ZS12,2022,10,28,1244,,9,9,1,0,Enkhburen,43.46722,104.21897,40,80,500,43.46964,104.22481,100,,3,3,3,,,,,9,,,,ibex,ibex,,,,,,,,,0,10.17131414
3,ZS13,ZS13,2022,10,28,1040,,5,5,1,0,Choidogjamts,43.45912,104.16191,355,67,364,43.46004,104.16171,345,1,2,,,,,,2,5,,,,ibex,ibex,,,,,,,,,0,10.37307974
3,ZS13,ZS13,2022,10,28,1048,,5,5,1,0,Choidogjamts,43.46004,104.16171,354,328,728,43.46531,104.16019,298,,,,,,,,5,5,,,,ibex,ibex,,,,,,,,,0,10.37307974
3,ZS13,ZS13,2022,10,28,1052,,3,3,1,0,Choidogjamts,43.46004,104.16171,354,70,288,43.46004,104.16171,288,,1,,,1,1,,,3,,,,ibex,ibex,,,,,,,,,0,10.37307974
3,ZS13,ZS13,2022,10,28,1100,,5,5,1,0,Choidogjamts,43.46377,104.16061,1,65,350,43.46531,104.16019,372,1,1,,,2,,1,,5,,,,ibex,ibex,,,,,,,,,0,10.37307974
3,ZS13,ZS13,2022,10,28,1110,,2,2,1,0,Choidogjamts,43.46377,104.16061,1,100,640,43.46377,104.16061,640,,,,,,,,2,2,,,,ibex,ibex,,,,,,,,,0,10.37307974
3,ZS13,ZS13,2022,10,28,1130,,8,8,1,0,Choidogjamts,43.46627,104.16039,17,20,608,43.47106,104.16316,157,,2,2,3,,,,1,8,,,,ibex,ibex,,,,,,,,,0,10.37307974
3,ZS13,ZS13,2022,10,28,1303,,1,1,1,0,Choidogjamts,43.47207,104.17969,87,185,721,43.47207,104.17969,721,,,1,,,,,,1,,,,ibex,ibex,,,,,,,,,0,10.37307974
3,ZS13,ZS13,2022,10,28,1420,1425,7,7,1,1,Choidogjamts,43.47728,104.19337,47,300,150,43.47728,104.19337,150,,1,1,1,2,2,,,7,Battumur,43.47594,104.19223,ibex,ibex,1,1,,,2,,,3,7,10.37307974
3,ZS14,ZS14,2022,10,28,1318,,5,5,1,0,Purevee,43.49038,104.16679,45,90,556,43.49038,104.16679,500,1,1,1,,2,,,,5,,,,ibex,ibex,,,,,,,,,0,9.74634319
3,ZS14,ZS14,2022,10,28,,1040,3,,0,1,,,,,,,,,,,,,,,,,,0,Munkhtulga,43.47107,104.14694,,ibex,,,1,,1,,1,,3,9.74634319
3,ZS14,ZS14,2022,10,28,,1320,5,,0,1,,,,,,,,,,,,,,,,,,0,Munkhtulga,43.49037,104.16679,,ibex,1,1,1,,2,,,,5,9.74634319
3,ZS15,ZS15,2022,10,28,1242,,4,4,1,0,Tsolmonbayar,43.48454,104.1136,20,120,1000,43.48454,104.1136,1000,,,,1,2,,1,,4,,,,ibex,ibex,,,,,,,,,0,9.182632053
3,ZS16,ZS16,2022,10,28,1151,,17,17,1,0,Nyamsuren,43.50741,104.04285,110,110,1100,43.5041,104.05553,0,,,1,3,9,,4,,17,,,,ibex,ibex,,,,,,,,,0,6.907641668
3,ZS16,ZS16,2022,10,28,1222,,3,3,1,0,Nyamsuren,43.50452,104.04813,90,30,258,43.50445,104.04866,300,,1,,,2,,,,3,Munkhjargal_bu,43.50444,104.04865,ibex,ibex,,1,,,2,,,,3,6.907641668
3,ZS17,ZS17,2022,10,28,1227,1244,8,8,1,1,Ulambayar,43.51975,104.00901,60,120,290,43.51975,104.00901,290,,2,,1,2,3,,,8,Davaa,43.51974,104.00908,ibex,ibex,,2,,1,2,3,,,8,8.906266088
3,ZS17,ZS17,2022,10,28,1335,,9,9,1,0,Ulambayar,43.5236,103.99848,30,60,308,43.5243,103.99388,308,,,,1,,,,8,9,,,,argali,argali,,,,,,,,,0,8.906266088
3,ZS18,ZS18,2022,10,28,1040,,8,8,1,0,Narangarav,43.51155,103.9666,45,200,900,43.51155,103.9666,900,,,,,,,,8,8,,,,argali,argali,,,,,,,,,0,11.24802602
3,ZS18,ZS18,2022,10,28,1222,,1,1,1,0,Narangarav,43.52856,103.9576,270,220,400,43.52877,103.95321,20,1,,,,,,,,1,,,,argali,argali,,,,,,,,,0,11.24802602
3,ZS18,ZS18,2022,10,28,1230,1230,3,3,1,1,Narangarav,43.52856,103.9576,270,341,150,43.52883,103.95631,100,,,,,2,,1,,3,Enkhsaikhan,43.52854,103.95763,argali,argali,,,,,2,,1,,3,11.24802602
3,ZS20,ZS20,2022,10,28,1324,,3,3,1,0,Battsog,43.49879,104.07204,30,300,540,43.49879,104.07204,540,,1,1,,1,,,,3,,,,ibex,ibex,,,,,,,,,0,6.866124148
3,ZS20,ZS20,2022,10,28,1514,,13,13,1,0,Battsog,43.51574,104.08287,360,360,320,43.51745,104.08554,20,,2,,,,7,4,,13,,,,ibex,ibex,,,,,,,,,0,6.866124148
4,Day1_1,Day1_1,2022,10,31,,1503,2,,0,1,,,,,,,,,,,,,,,,,,0,Munkhjargal_bu,43.65123,102.31093,,ibex,,,,,1,,1,,2,7.134101669
4,Day1_2,Day1_2,2022,10,31,1405,,3,3,1,0,Munkhtulga,43.6767,102.35434,70,110,529,43.6767,102.35434,529,,1,2,,,,,,3,,,,ibex,ibex,,,,,,,,,0,8.335067315
4,Day1_2,Day1_2,2022,10,31,1400,,2,2,1,0,Munkhtulga,43.6767,102.35434,70,160,224,43.6767,102.35434,224,,,,,1,,1,,2,,,,ibex,ibex,,,,,,,,,0,8.335067315
4,Day1_3,Day1_3,2022,10,31,1144,,5,5,1,1,Enkhburen,43.63771,102.36549,10,100,500,43.63771,102.36549,500,,,,,3,1,1,,5,Unurbat,43.64112,102.36646,argali,argali,,,,,3,1,1,,5,12.27253529
4,Day1_3,Day1_3,2022,10,31,1206,,2,2,1,0,Enkhburen,43.64112,102.36652,10,80,400,43.64383,102.37054,300,,,,,,,,2,2,,,,argali,argali,,,,,,,,,0,12.27253529
4,Day1_3,Day1_3,2022,10,31,1332,,4,4,1,0,Enkhburen,43.65076,102.3826,60,190,40,43.65076,102.3826,40,,,,,2,,2,,4,,,,argali,argali,,,,,,,,,0,12.27253529
4,Day1_3,Day1_3,2022,10,31,1341,,6,6,1,0,Enkhburen,43.65218,102.38554,60,60,200,43.65217,102.38756,0,,1,,,4,,1,,6,,,,argali,argali,,,,,,,,,0,12.27253529
4,Day1_3,Day1_3,2022,10,31,1401,,13,13,1,0,Enkhburen,43.65218,102.38857,70,140,400,43.64985,102.39401,200,,4,3,4,2,,,,13,,,,ibex,ibex,,,,,,,,,0,12.27253529
4,Day1_3,Day1_3,2022,10,31,1500,,4,4,1,0,Enkhburen,43.6494,102.3994,90,90,500,43.64858,102.40641,0,,,,,2,1,1,,4,,,,argali,argali,,,,,,,,,0,12.27253529
4,Day1_3,Day1_3,2022,10,31,1513,,4,4,1,0,Enkhburen,43.64832,102.4007,90,120,200,43.64841,102.40269,50,,,,,2,,2,,4,,,,ibex,ibex,,,,,,,,,0,12.27253529
4,Day1_5,Day1_5,2022,10,31,1137,,1,1,1,0,Purevee,43.6063,102.44445,270,210,400,43.6063,102.44445,400,,,,,,1,,,1,,,,ibex,ibex,,,,,,,,,0,15.46923097
4,Day1_5,Day1_5,2022,10,31,1140,,2,2,1,0,Purevee,43.6063,102.44445,270,180,300,43.6063,102.44445,300,1,,,,,1,,,2,,,,argali,argali,,,,,,,,,0,15.46923097
4,Day1_5,Day1_5,2022,10,31,1158,,1,1,1,0,Purevee,43.60695,102.43717,270,180,170,43.60695,102.43717,170,,,,,1,,,,1,,,,ibex,ibex,,,,,,,,,0,15.46923097
4,Day1_5,Day1_5,2022,10,31,1318,,4,4,1,0,Purevee,43.60686,102.4095,270,180,180,43.60686,102.4095,180,,,,,1,,3,,4,,,,argali,argali,,,,,,,,,0,15.46923097
4,Day1_5,Day1_5,2022,10,31,,1231,4,,0,1,,,,,,,,,,,,,,,,,,0,Munkhjargal,43.60482,102.42514,,ibex,,,,,2,,2,,4,15.46923097
4,Day1_6,Day1_6,2022,10,31,1408,1406,10,10,1,1,Ulambayar,43.58942,102.40399,120,90,329,43.58886,102.40067,200,,,,1,7,,2,,10,Ankhbayar,43.58941,102.404,argali,argali,,,,1,7,,2,,10,16.38842369
4,Day1_6,Day1_6,2022,10,31,1436,1442,2,2,1,1,Ulambayar,43.58627,102.39113,120,80,292,43.58627,102.39113,292,,,,2,,,,,2,Ankhbayar,43.58627,102.39111,ibex,ibex,,,,2,,,,,2,16.38842369
5,Day2_1,Day2_1,2022,10,31,943,,5,5,1,0,Davaa,43.5542,102.47475,85,160,170,43.5542,102.47475,170,,,,,3,,2,,5,,,,ibex,ibex,,,,,,,,,0,11.8047723
5,Day2_1,Day2_1,2022,10,31,1315,1300,6,6,1,1,Davaa,43.54952,102.53331,250,200,350,43.54952,102.53331,350,,,1,2,2,1,,,6,jargalsaikhan,43.54923,102.53119,ibex,ibex,,,2,4,2,1,,,9,11.8047723
5,Day2_2,Day2_2,2022,10,31,1106,,5,5,1,0,Nyamsuren,43.5985,102.53872,250,180,500,43.5985,102.53872,500,,1,,,3,,1,,5,,,,argali,argali,,,,,,,,,0,12.18985162
5,Day2_2,Day2_2,2022,10,31,,1415,1,,0,1,,,,,,,,,,,,,,,,,,0,Battumur,43.59916,102.53587,,argali,,,,,1,,,,1,12.18985162
5,Day2_3,Day2_3,2022,10,31,1326,,6,6,1,0,Narangarav,43.64887,102.56082,290,340,112,43.64886,102.56083,112,1,,,,3,,2,,6,,,,ibex,ibex,,,,,,,,,0,12.94634436
5,Day2_3,Day2_3,2022,10,31,1528,,6,6,1,0,Narangarav,43.65044,102.54185,265,150,500,43.65044,102.54185,500,1,1,,,2,,2,,6,,,,ibex,ibex,,,,,,,,,0,12.94634436
5,Day2_3,Day2_3,2022,10,31,1528,,8,8,1,0,Narangarav,43.65044,102.54185,260,280,1200,43.64836,102.53092,700,,1,2,3,1,,1,,8,,,,ibex,ibex,,,,,,,,,0,12.94634436
5,Day2_3,Day2_3,2022,10,31,,1403,9,,0,1,,,,,,,,,,,,,,,,,,0,Tsolmonbayar,43.64883,102.55817,,ibex,,,,,5,2,2,,9,12.94634436
5,Day2_4,Day2_4,2022,10,31,1024,,5,5,1,0,Battsog,43.62582,102.63433,260,360,600,43.62582,102.63433,600,,1,,,1,1,2,,5,,,,argali,argali,,,,,,,,,0,15.04917321
5,Day2_4,Day2_4,2022,10,31,1054,,2,2,1,0,Battsog,43.62492,102.6179,270,270,275,43.62593,102.6126,150,,,,,1,,1,,2,,,,argali,argali,,,,,,,,,0,15.04917321
5,Day2_4,Day2_4,2022,10,31,1540,,3,3,1,0,Battsog,43.63364,102.61899,180,180,170,43.63364,102.61899,170,,1,,,1,,1,,3,,,,ibex,ibex,,,,,,,,,0,15.04917321
5,Day2_5,Day2_5,2022,10,31,1139,,2,2,1,0,Tegshjargal,43.64133,102.63743,90,300,540,43.64133,102.63743,540,,,2,,,,,,2,,,,ibex,ibex,,,,,,,,,0,7.295334087
5,Day2_5,Day2_5,2022,10,31,1331,,2,2,1,0,Tegshjargal,43.64556,102.65755,60,170,1216,43.64556,102.65755,1216,,,,,,,,2,2,,,,ibex,ibex,,,,,,,,,0,7.295334087
5,Day2_5,Day2_5,2022,10,31,,1118,3,,0,1,,,,,,,,,,,,,,,,,,0,Batbold,43.64934,102.62607,,ibex,,,,,1,2,,,3,7.295334087
5,Day2_5,Day2_5,2022,10,31,,1141,5,,0,1,,,,,,,,,,,,,,,,,,0,Batbold,43.64766,102.62677,,ibex,,,,4,1,,,,5,7.295334087
5,Day2_5,Day2_5,2022,10,31,,1350,7,,0,1,,,,,,,,,,,,,,,,,,0,Batbold,43.64627,102.65717,,argali,,,1,,3,,3,,7,7.295334087
5,Day2_6,Day2_6,2022,10,30,1017,,7,7,1,0,Choidogjamts,43.53262,102.67435,315,280,467,43.53491,102.6701,309,,,,,4,3,,,7,,,,ibex,ibex,,,,,,,,,0,19.06165357
5,Day2_6,Day2_6,2022,10,30,1105,,1,1,1,0,Choidogjamts,43.54266,102.65994,318,340,157,43.54405,102.6598,0,,,,1,,,,,1,,,,ibex,ibex,,,,,,,,,0,19.06165357
5,Day2_6,Day2_6,2022,10,30,1142,,4,4,1,0,Choidogjamts,43.54857,102.65408,293,275,513,43.54988,102.6496,218,,,2,2,,,,,4,,,,ibex,ibex,,,,,,,,,0,19.06165357
5,Day2_6,Day2_6,2022,10,30,1548,,5,5,1,1,Choidogjamts,43.55956,102.58853,138,225,130,43.55956,102.58853,130,,1,,,1,3,,,5,,,,ibex,ibex,,,,,,,,,0,19.06165357
5,Day2_6,Day2_6,2022,10,30,1709,,4,4,1,0,Choidogjamts,43.54354,102.61268,141,40,110,43.54354,102.61268,110,,,3,1,,,,,4,,,,ibex,ibex,,,,,,,,,0,19.06165357
5,Day2_6,Day2_6,2022,10,30,1752,,3,3,1,1,Choidogjamts,43.54206,102.62316,150,330,171,43.54206,102.62316,171,,,,3,,,,,3,,,,ibex,ibex,,,,,,,,,0,19.06165357
5,Day2_6,Day2_6,2022,10,30,1809,,2,2,1,0,Choidogjamts,43.53573,102.62978,156,75,164,43.53573,102.62978,164,,,,,2,,,,2,,,,ibex,ibex,,,,,,,,,0,19.06165357
5,Day2_6,Day2_6,2022,10,30,,1040,5,,0,1,,,,,,,,,,,,,,,,,,0,Enkhsaikhan,43.53249,102.67432,,ibex,,,,,3,,2,,5,19.06165357
5,Day2_6,Day2_6,2022,10,30,,1830,3,,0,1,,,,,,,,,,,,,,,,,,0,Enkhsaikhan,43.53017,102.59184,,ibex,,,,,1,,2,,3,19.06165357
6,Day3_1,Day3_1,2022,10,31,947,,5,5,1,0,Munkhchuluun,43.60092,102.69767,255,210,170,43.60092,102.69767,170,,1,,,2,,2,,5,,,,ibex,ibex,,,,,,,,,0,10.97060461
6,Day3_1,Day3_1,2022,10,31,1011,,2,2,1,0,Munkhchuluun,43.60347,102.69378,255,340,1074,43.60789,102.69485,,,,2,,,,,,2,,,,argali,argali,,,,,,,,,0,10.97060461
6,Day3_1,Day3_1,2022,10,31,1120,,5,5,1,0,Munkhchuluun,43.61155,102.697,31,60,333,43.61293,102.69739,,,,,,2,,3,,5,,,,ibex,ibex,,,,,,,,,0,10.97060461
6,Day3_1,Day3_1,2022,10,31,,1257,8,,0,1,,,,,,,,,,,,,,,,,,0,Dorjsuren,43.61921,102.70949,,ibex,1,,,,4,,,3,8,10.97060461
6,Day3_1,Day3_1,2022,10,31,,1257,19,,0,1,,,,,,,,,,,,,,,,,,0,Dorjsuren,43.61921,102.70949,,argali,,1,1,1,10,,,6,19,10.97060461
6,Day3_2,Day3_2,2022,10,30,1031,,2,2,1,0,Nyamsuren,43.56369,102.65961,20,150,70,43.56367,102.65996,10,,,,2,,,,,2,,,,ibex,ibex,,,,,,,,,0,17.1838821
6,Day3_2,Day3_2,2022,10,30,1015,,5,5,1,1,Nyamsuren,43.56427,102.66116,30,320,400,43.56427,102.66116,400,,,,3,1,,1,,5,jargalsaikhan,43.56409,102.66071,ibex,ibex,,,2,3,,,,,5,17.1838821
6,Day3_2,Day3_2,2022,10,30,1413,,24,24,1,0,Nyamsuren,43.56233,102.70374,90,45,200,43.56284,102.70602,50,,2,1,1,10,2,8,,24,,,,ibex,ibex,,,,,,,,,0,17.1838821
6,Day3_2,Day3_2,2022,10,30,1440,,2,2,1,0,Nyamsuren,43.56256,102.71043,70,190,500,43.56256,102.71043,500,,,,,1,,1,,2,,,,ibex,ibex,,,,,,,,,0,17.1838821
6,Day3_2,Day3_2,2022,10,30,,1100,2,,0,1,,,,,,,,,,,,,,,,,,0,jargalsaikhan,43.56444,102.66316,,ibex,,,,2,,,,,2,17.1838821
6,Day3_2,Day3_2,2022,10,30,,1250,2,,0,1,,,,,,,,,,,,,,,,,,0,jargalsaikhan,43.55819,102.68416,,ibex,,,,,1,,1,,2,17.1838821
6,Day3_2,Day3_2,2022,10,30,,1548,9,,0,1,,,,,,,,,,,,,,,,,,0,jargalsaikhan,43.56792,102.71531,,ibex,,,,,4,2,3,,9,17.1838821
6,Day3_2,Day3_2,2022,10,30,,1640,4,,0,1,,,,,,,,,,,,,,,,,,0,jargalsaikhan,43.57491,102.72781,,ibex,,,2,2,,,,,4,17.1838821
6,Day3_3,Day3_3,2022,10,30,1154,1156,3,3,1,1,Enkhburen,43.57904,102.79829,270,60,300,43.57904,102.79829,300,,1,,,1,,1,,3,Dorjsuren,43.57904,102.79995,argali,argali,,1,,,2,,,,3,12.53937808
6,Day3_3,Day3_3,2022,10,30,1321,,7,7,1,0,Enkhburen,43.57104,102.77174,200,80,400,43.57104,102.77174,400,1,2,1,1,1,,1,,7,,,,ibex,ibex,,,,,,,,,0,12.53937808
6,Day3_3,Day3_3,2022,10,30,1617,,3,3,1,0,Enkhburen,43.56313,102.74967,20,140,50,43.56313,102.74967,50,,,,,1,1,1,,3,,,,ibex,ibex,,,,,,,,,0,12.53937808
6,Day3_4,Day3_4,2022,10,30,1201,,2,2,1,0,Purevee,43.53915,102.77601,180,270,260,43.53915,102.77601,260,,,,2,,,,,2,,,,argali,argali,,,,,,,,,0,12.43222315
6,Day3_4,Day3_4,2022,10,30,1207,1210,13,13,1,1,Purevee,43.53915,102.77601,180,270,300,43.53915,102.77601,300,3,1,,,5,,4,,13,Ankhbayar,43.53917,102.77611,ibex,ibex,3,1,,,5,,4,,13,12.43222315
6,Day3_4,Day3_4,2022,10,30,1341,,15,15,1,0,Purevee,43.52748,102.76822,270,180,300,43.52748,102.76822,300,,2,2,2,6,,3,,15,,,,ibex,ibex,,,,,,,,,0,12.43222315
6,Day3_4,Day3_4,2022,10,30,1429,,8,8,1,0,Purevee,43.52353,102.75578,290,310,170,43.52448,102.7541,25,,1,,,4,,3,,8,,,,ibex,ibex,,,,,,,,,0,12.43222315
6,Day3_4,Day3_4,2022,10,30,1456,,11,11,1,0,Purevee,43.52979,102.74649,300,210,80,43.52979,102.74649,80,1,1,1,2,4,,2,,11,,,,ibex,ibex,,,,,,,,,0,12.43222315
6,Day3_4,Day3_4,2022,10,30,1653,,14,14,1,0,Purevee,43.52978,102.72166,270,0,210,43.52978,102.72166,210,2,1,,,6,,5,,14,,,,ibex,ibex,,,,,,,,,0,12.43222315
6,Day3_5,Day3_5,2022,10,30,1409,,16,16,1,0,Tsolmonbayar,43.55661,102.82235,330,360,400,43.55661,102.82235,400,,4,2,2,4,,4,,16,,,,ibex,ibex,,,,,,,,,0,11.05473531
6,Day3_5,Day3_5,2022,10,30,,1330,2,,0,1,,,,,,,,,,,,,,,,,,0,Battumur,43.55547,102.83441,,ibex,,1,,,1,,,,2,11.05473531
6,Day3_5,Day3_5,2022,10,30,,1445,12,,0,1,,,,,,,,,,,,,,,,,,0,Battumur,43.56506,102.82674,,ibex,,,,,7,,3,2,12,11.05473531
6,Day3_5,Day3_5,2022,10,30,,1558,3,,0,1,,,,,,,,,,,,,,,,,,0,Battumur,43.57258,102.80663,,ibex,,,,,1,1,1,,3,11.05473531
6,Day3_6,Day3_6,2022,10,30,1158,,3,3,1,0,Ulambayar,43.53407,102.84128,0,30,150,43.53407,102.84128,150,,,1,,2,,,,3,,,,argali,argali,,,,,,,,,0,12.56786077
7,Day4_1,Day4_1,2022,10,30,1050,,3,3,1,0,Battsog,43.40931,102.89833,270,270,50,43.40966,102.8979,0,,,,,3,,,,3,,,,ibex,ibex,,,,,,,,,0,18.53454766
7,Day4_2,Day4_2,2022,10,29,1110,1131,3,3,1,1,Choidogjamts,43.33054,102.98428,322,310,288,43.33236,102.98049,80,,,,,1,1,1,,3,Munkhjargal,43.33196,102.98241,ibex,ibex,,,,,1,1,1,,3,15.25443777
7,Day4_2,Day4_2,2022,10,29,1125,,2,2,1,0,Choidogjamts,43.33236,102.98049,328,312,385,43.33428,102.97652,0,,,1,,,,,1,2,,,,ibex,ibex,,,,,,,,,0,15.25443777
7,Day4_2,Day4_2,2022,10,29,1256,,3,3,1,0,Choidogjamts,43.34559,102.96239,298,10,271,43.34559,102.96239,271,,,,,1,2,,,3,,,,ibex,ibex,,,,,,,,,0,15.25443777
7,Day4_2,Day4_2,2022,10,29,1418,,3,3,1,0,Choidogjamts,43.36026,102.93974,264,335,1100,43.36026,102.93974,1100,,1,1,1,,,,,3,,,,ibex,ibex,,,,,,,,,0,15.25443777
7,Day4_2,Day4_2,2022,10,29,,940,4,,0,1,,,,,,,,,,,,,,,,,,0,Munkhjargal,43.33713,102.99812,,ibex,1,1,,,2,,,,4,15.25443777
7,Day4_3,Day4_3,2022,10,30,1027,,5,5,1,0,Tegshjargal,43.46016,102.88763,210,180,407,43.46016,102.88763,407,,,,,3,,2,,5,,,,ibex,ibex,,,,,,,,,0,13.91184945
7,Day4_3,Day4_3,2022,10,30,1235,,1,1,1,0,Tegshjargal,43.48622,102.85983,270,350,1848,43.48622,102.85983,1848,,1,,,,,,,1,,,,argali,argali,,,,,,,,,0,13.91184945
7,Day4_3,Day4_3,2022,10,30,1337,,14,14,1,0,Tegshjargal,43.49127,102.84977,280,300,79,43.4915,102.84875,10,,1,1,1,6,2,3,,14,,,,argali,argali,,,,,,,,,0,13.91184945
7,Day4_3,Day4_3,2022,10,30,1507,,2,2,1,0,Tegshjargal,43.4942,102.82141,270,300,514,43.49397,102.81365,361,,,,,1,,1,,2,,,,argali,argali,,,,,,,,,0,13.91184945
7,Day4_3,Day4_3,2022,10,30,1510,,5,5,1,0,Tegshjargal,43.4942,102.82141,270,315,547,43.49397,102.81365,536,,,,1,3,1,,,5,,,,argali,argali,,,,,,,,,0,13.91184945
7,Day4_4,Day4_4,2022,10,29,1045,,6,6,1,0,Enkhburen,43.40796,102.99677,340,60,600,43.40796,102.99677,600,1,,,,2,1,2,,6,,,,ibex,ibex,,,,,,,,,0,14.93505558
7,Day4_4,Day4_4,2022,10,29,1234,1230,3,3,1,1,Enkhburen,43.41914,102.98481,280,290,400,43.4204,102.98061,0,,,,,1,1,1,,3,Battumur,43.41914,102.98483,ibex,ibex,,,,,1,1,1,,3,14.93505558
7,Day4_4,Day4_4,2022,10,29,1347,,2,2,1,0,Enkhburen,43.42359,102.96384,280,160,500,43.42359,102.96384,500,,,,,1,,1,,2,,,,ibex,ibex,,,,,,,,,0,14.93505558
7,Day4_4,Day4_4,2022,10,29,1418,,5,5,1,0,Enkhburen,43.42374,102.96236,240,50,500,43.42374,102.96236,500,,1,,,2,1,1,,5,,,,argali,argali,,,,,,,,,0,14.93505558
7,Day4_4,Day4_4,2022,10,29,1655,,4,4,1,0,Enkhburen,43.44031,102.92971,330,330,300,43.44384,102.92685,0,,,,,2,1,1,,4,,,,argali,argali,,,,,,,,,0,14.93505558
7,Day4_4,Day4_4,2022,10,29,,1425,5,,0,1,,,,,,,,,,,,,,,,,,0,Battumur,43.42366,102.96356,,argali,,1,1,,2,,1,,5,14.93505558
7,Day4_5,Day4_5,2022,10,30,904,,1,1,1,0,Munkhchuluun,43.49743,102.96043,286,60,65,43.49743,102.96043,65,,1,,,,,,,1,,,,ibex,ibex,,,,,,,,,0,13.27439115
7,Day4_5,Day4_5,2022,10,30,909,915,4,4,1,1,Munkhchuluun,43.49743,102.96043,286,300,300,43.49979,102.94921,240,,,,,2,,2,,4,Munkhtulga,43.49979,102.94921,ibex,ibex,,,,,,,,,0,13.27439115
7,Day4_5,Day4_5,2022,10,30,1049,1049,6,6,1,1,Munkhchuluun,43.52388,102.93588,0,260,400,43.50994,102.93433,179,,,,1,3,,2,,6,Munkhtulga,45.52388,102.93588,argali,argali,,,,,,,,,0,13.27439115
7,Day4_6,Day4_6,2022,10,30,,1036,3,,0,1,,,,,,,,,,,,,,,,,,0,Davaa,43.46041,102.96092,,ibex,,,,,2,1,,,3,8.780368867
7,Day4_7,Day4_7,2022,10,29,,1204,1,,0,1,,,,,,,,,,,,,,,,,,0,Dorjsuren,43.38119,102.93937,,argali,,1,,,,,,,1,11.84205881
7,Day4_7,Day4_7,2022,10,29,,1228,1,,0,1,,,,,,,,,,,,,,,,,,0,Dorjsuren,43.38127,102.93136,,ibex,1,,,,,,,,1,11.84205881
7,Day4_7,Day4_7,2022,10,29,,1233,5,,0,1,,,,,,,,,,,,,,,,,,0,Dorjsuren,43.38127,102.93136,,ibex,,,,,5,,,,5,11.84205881
7,Day4_7,Day4_7,2022,10,29,,1258,5,,0,1,,,,,,,,,,,,,,,,,,0,Dorjsuren,43.38414,102.9262,,ibex,,,,,2,1,2,,5,11.84205881
8,Day5_1,Day5_1,2022,10,29,1126,,4,4,1,0,Davaa,43.35906,103.05689,275,357,202,43.35906,103.05689,202,,,,,2,2,,,4,,,,ibex,ibex,,,,,,,,,0,8.717588156
8,Day5_2,Day5_2,2022,10,29,1028,,8,8,1,0,Battsog,43.45286,103.05779,40,40,470,43.45679,103.05962,5,,,,,4,1,3,,8,,,,ibex,ibex,,,,,,,,,0,6.377146487
8,Day5_2,Day5_2,2022,10,29,1230,,2,2,1,0,Battsog,43.46615,103.02574,340,60,30,43.46615,103.02574,30,,,,,2,,,,2,,,,argali,argali,,,,,,,,,0,6.377146487
8,Day5_3,Day5_3,2022,10,29,1052,,6,6,1,0,Purevee,43.45798,103.10792,35,350,964,43.45798,103.10792,960,,,,,4,,2,,6,,,,ibex,ibex,,,,,,,,,0,11.05377229
8,Day5_3,Day5_3,2022,10,29,1057,,2,2,1,0,Purevee,43.45798,103.10792,35,170,500,43.45798,103.10792,500,,,,,1,,1,,2,,,,ibex,ibex,,,,,,,,,0,11.05377229
8,Day5_3,Day5_3,2022,10,29,1114,,15,15,1,0,Purevee,43.45966,103.11054,35,210,1000,43.45966,103.11054,1000,,2,1,3,7,,2,,15,,,,ibex,ibex,,,,,,,,,0,11.05377229
8,Day5_3,Day5_3,2022,10,29,1235,,2,2,1,0,Purevee,43.45222,103.12765,210,270,200,43.45222,103.12765,200,2,,,,,,,,2,,,,ibex,ibex,,,,,,,,,0,11.05377229
8,Day5_3,Day5_3,2022,10,29,1256,,7,7,1,0,Purevee,43.45021,103.13132,90,360,800,43.45021,103.13132,800,,,,,2,3,2,,7,,,,ibex,ibex,,,,,,,,,0,11.05377229
8,Day5_5,Day5_5,2022,10,29,947,940,3,3,1,1,Nyamsuren,43.38966,103.13377,290,200,150,43.38947,103.13265,50,,,,,1,,2,,3,Unurbat,43.38966,103.1336,ibex,ibex,,,,,1,,2,,3,11.11593479
8,Day5_5,Day5_5,2022,10,29,1310,1311,4,4,1,1,Nyamsuren,43.40725,103.08777,270,270,50,43.40757,103.08717,0,,,,,2,,2,,4,Unurbat,43.40797,103.08778,argali,argali,,,,,2,,2,,4,11.11593479
8,Day5_5,Day5_5,2022,10,29,,1248,4,,0,1,,,,,,,,,,,,,,,,,,0,Unurbat,43.40351,103.09209,,ibex,,,,,4,,,,4,11.11593479
8,Day5_6,Day5_6,2022,10,29,,,,,0,0,,,,,,,,,,,,,,,,,,0,,,,,,,,,,,,,,0,7.290838337
9,SE_1_1,SE_1_1,2022,11,1,1038,1037,4,4,1,1,Nyamsuren,43.62987,102.05614,270,270,300,43.62987,102.05614,300,,,,,2,,2,,4,Dorjsuren,43.62986,102.05614,ibex,ibex,,,,,2,,2,,4,7.587766841
9,SE_1_1,SE_1_1,2022,11,1,1250,,2,2,1,0,Nyamsuren,43.63818,102.07921,120,20,200,43.63789,102.07989,170,,,,,1,,1,,2,,,,ibex,ibex,,,,,,,,,0,7.587766841
9,SE_1_1,SE_1_1,2022,11,1,,1050,2,,0,1,,,,,,,,,,,,,,,,,,0,Dorjsuren,43.63081,102.05653,,ibex,,1,,,,,1,,2,7.587766841
9,SE_1_1,SE_1_1,2022,11,1,,1050,5,,0,1,,,,,,,,,,,,,,,,,,0,Dorjsuren,43.63081,102.05653,,argali,,1,,,4,,,,5,7.587766841
9,SE_1_10,SE_1_10,2022,11,1,1100,,3,3,1,0,Tegshjargal,43.62969,102.01621,80,120,336,43.6287,102.01905,51,,1,1,1,,,,,3,,,,ibex,ibex,,,,,,,,,0,7.24680255
9,SE_1_10,SE_1_10,2022,11,1,1101,,2,2,1,0,Tegshjargal,43.62969,102.0164,80,130,452,43.62867,102.02148,10,,,,,1,,1,,2,,,,ibex,ibex,,,,,,,,,0,7.24680255
9,SE_1_10,SE_1_10,2022,11,1,1135,1220,2,2,1,1,Tegshjargal,43.62867,102.02148,70,40,210,43.63161,102.02519,17,,,,2,,,,,2,Munkhjargal_bu,43.62756,102.02283,ibex,ibex,,,,2,,,,,2,7.24680255
9,SE_1_10,SE_1_10,2022,11,1,,1225,30,,0,1,,,,,,,,,,,,,,,,,,0,Munkhjargal_bu,43.62756,102.02268,,argali,,,,,,,,30,30,7.24680255
9,SE_1_7,SE_1_7,2022,11,1,1303,,10,10,1,0,Enkhsaikhan,43.63001,101.94844,240,260,215,43.63001,101.94844,215,1,2,,,5,,2,,10,,,,ibex,ibex,,,,,,,,,0,9.547570584
9,SE_1_7,SE_1_7,2022,11,1,,1355,9,,0,1,,,,,,,,,,,,,,,,,,0,Munkhjargal,43.63369,101.93378,,ibex,,1,,1,3,1,3,,9,9.547570584
9,SE_1_8,SE_1_8,2022,11,1,,,,,0,0,,,,,,,,,,,,,,,,,,0,,,,,,,,,,,,,,0,5.953386232
9,SE_1_9,SE_1_9,2022,11,1,1257,,11,11,1,0,Munkhchuluun,43.64153,102.00497,25,280,73,43.64153,102.00497,73,,1,,,4,2,4,,11,,,,ibex,ibex,,,,,,,,,0,8.923006602
9,SE_1_9,SE_1_9,2022,11,1,1331,,3,3,1,0,Munkhchuluun,43.64312,102.00475,302,220,51,43.64356,102.00443,42,,,,,3,,,,3,,,,ibex,ibex,,,,,,,,,0,8.923006602
10,SE_1_2,SE_1_2,2022,11,1,1023,,5,5,1,0,Battsog,43.61396,102.04823,80,160,170,43.61391,102.04898,50,,1,,,2,,2,,5,,,,ibex,ibex,,,,,,,,,0,7.166024198
10,SE_1_2,SE_1_2,2022,11,1,1030,,3,3,1,0,Battsog,43.61391,102.04898,80,240,270,43.61391,102.04898,240,,,,3,,,,,3,,,,ibex,ibex,,,,,,,,,0,7.166024198
10,SE_1_2,SE_1_2,2022,11,1,1043,,8,8,1,0,Battsog,43.61256,102.05338,60,180,370,43.61256,102.05333,370,,,,,3,2,3,,8,,,,ibex,ibex,,,,,,,,,0,7.166024198
10,SE_1_2,SE_1_2,2022,11,1,1101,1121,7,7,1,1,Battsog,43.61332,102.05617,60,60,100,43.61403,102.05708,20,,1,,,5,,1,,7,Ankhbayar,43.61344,102.04715,argali,argali,,,,,,,,7,7,7.166024198
10,SE_1_2,SE_1_2,2022,11,1,,1041,2,,0,1,,,,,,,,,,,,,,,,,,0,Ankhbayar,43.61356,102.04175,,ibex,,,1,1,,,,,2,7.166024198
10,SE_1_3,SE_1_3,2022,11,1,1028,,2,2,1,0,Choidogjamts,43.61659,102.03585,239,148,369,43.61659,102.03585,369,,,,2,,,,,2,,,,ibex,ibex,,,,,,,,,0,7.347807493
10,SE_1_3,SE_1_3,2022,11,1,1028,,1,1,1,0,Choidogjamts,43.61659,102.03585,239,170,252,43.6162,102.03393,230,,,,,1,,,,1,,,,ibex,ibex,,,,,,,,,0,7.347807493
10,SE_1_3,SE_1_3,2022,11,1,1037,,2,2,1,0,Choidogjamts,43.61659,102.03585,239,5,506,43.61659,102.03585,506,,,,,,,,2,2,,,,ibex,ibex,,,,,,,,,0,7.347807493
10,SE_1_3,SE_1_3,2022,11,1,1118,,17,17,1,0,Choidogjamts,43.60912,102.03125,17,179,675,43.60336,102.03288,0,,2,1,4,1,,9,,17,,,,ibex,ibex,,,,,,,,,0,7.347807493
10,SE_1_3,SE_1_3,2022,11,1,1121,1130,24,24,1,1,Choidogjamts,43.60912,102.03125,179,155,623,43.60502,102.03275,270,,4,4,5,5,5,1,,24,Unurbat,43.605,102.03276,ibex,ibex,,,,4,15,,15,,34,7.347807493
10,SE_1_3,SE_1_3,2022,11,1,1254,,3,3,1,0,Choidogjamts,43.60173,102.04258,73,35,810,43.60173,102.04258,810,,,,,,,,3,3,,,,argali,argali,,,,,,,,,0,7.347807493
10,SE_1_3,SE_1_3,2022,11,1,,1330,,,0,1,,,,,,,,,,,,,,,,,,0,Unurbat,43.6017,102.04258,,argali,,,,,6,,,,6,7.347807493
10,SE_1_4,SE_1_4,2022,11,1,1054,,18,18,1,0,Enkhburen,43.61171,102.02202,240,240,400,43.60842,102.02018,0,,3,2,1,,,2,10,18,,,,ibex,ibex,,,,,,,,,0,6.557135306
10,SE_1_4,SE_1_4,2022,11,1,1204,,41,41,1,0,Enkhburen,43.60736,102.01975,240,240,600,43.60646,102.01237,0,,,6,2,,,5,28,41,,,,ibex,ibex,,,,,,,,,0,6.557135306
10,SE_1_4,SE_1_4,2022,11,1,1240,,7,7,1,0,Enkhburen,43.60455,102.01089,240,120,700,43.60455,102.01089,700,,,,4,2,,1,,7,,,,argali,argali,,,,,,,,,0,6.557135306
10,SE_1_4,SE_1_4,2022,11,1,1321,,2,2,1,0,Enkhburen,43.60019,102.00426,160,140,300,43.5984,102.005,150,,,,,1,1,,,2,,,,argali,argali,,,,,,,,,0,6.557135306
10,SE_1_4,SE_1_4,2022,11,1,1405,,3,3,1,0,Enkhburen,43.5931,102.0101,160,190,400,43.59158,102.01144,300,,,,,1,1,1,,3,,,,ibex,ibex,,,,,,,,,0,6.557135306
10,SE_1_4,SE_1_4,2022,11,1,1430,,5,5,1,0,Enkhburen,43.59058,102.0116,180,160,600,43.58651,102.01258,250,,,,,2,,3,,5,,,,argali,argali,,,,,,,,,0,6.557135306
10,SE_1_4,SE_1_4,2022,11,1,,1157,1,,0,1,,,,,,,,,,,,,,,,,,0,Batbold,43.60839,102.02016,,argali,,,1,,,,,,1,6.557135306
10,SE_1_5,SE_1_5,2022,11,1,1140,1145,3,3,1,1,Purevee,43.61087,102.00861,210,330,230,43.61087,102.00861,230,,,,3,,,,,3,jargalsaikhan,43.61087,102.00861,ibex,ibex,,,,3,,,,,3,7.070805391
10,SE_1_5,SE_1_5,2022,11,1,1215,,30,30,1,0,Purevee,43.60687,101.9981,210,90,1100,43.60687,101.9981,1100,,,2,5,,,,23,30,,,,ibex,ibex,,,,,,,,,0,7.070805391
10,SE_1_5,SE_1_5,2022,11,1,1300,,4,4,1,0,Purevee,43.60368,101.9855,210,310,700,43.60368,101.9855,700,,,,,2,,2,,4,,,,argali,argali,,,,,,,,,0,7.070805391
10,SE_1_5,SE_1_5,2022,11,1,1303,,2,2,1,0,Purevee,43.60368,101.9855,210,310,899,43.60368,101.9855,899,,,,,1,,1,,2,,,,ibex,ibex,,,,,,,,,0,7.070805391
10,SE_1_5,SE_1_5,2022,11,1,1340,,6,6,1,0,Purevee,43.60262,101.97951,210,210,410,43.60194,101.97495,250,,,1,,4,,1,,6,,,,argali,argali,,,,,,,,,0,7.070805391
10,SE_1_5,SE_1_5,2022,11,1,1420,,8,8,1,0,Purevee,43.60145,101.97395,210,340,500,43.60145,101.97395,500,1,1,,,4,,2,,8,,,,ibex,ibex,,,,,,,,,0,7.070805391
10,SE_1_5,SE_1_5,2022,11,1,1629,,6,6,1,0,Purevee,43.58971,101.95749,210,90,700,43.58971,101.95749,700,3,,,,2,,1,,6,,,,ibex,ibex,,,,,,,,,0,7.070805391
10,SE_1_5,SE_1_5,2022,11,1,,1151,1,,0,1,,,,,,,,,,,,,,,,,,0,jargalsaikhan,43.61087,102.00861,,argali,,,,1,,,,,1,7.070805391
10,SE_1_6,SE_1_6,2022,11,1,1204,,4,4,1,0,Tsolmonbayar,43.61731,101.98556,120,360,100,43.61731,101.98556,100,1,1,,,2,,,,4,,,,ibex,ibex,,,,,,,,,0,9.578650409
10,SE_1_6,SE_1_6,2022,11,1,1310,,15,15,1,0,Tsolmonbayar,43.61456,101.97288,210,360,50,43.61456,101.97288,50,,4,5,6,,,,,15,,,,argali,argali,,,,,,,,,0,9.578650409
10,SE_1_6,SE_1_6,2022,11,1,1337,,6,6,1,0,Tsolmonbayar,43.61295,101.96629,240,100,40,43.61295,101.96629,40,,1,,1,2,,2,,6,,,,argali,argali,,,,,,,,,0,9.578650409
10,SE_1_6,SE_1_6,2022,11,1,1408,,6,6,1,0,Tsolmonbayar,43.61241,101.9572,340,360,100,43.61241,101.9572,100,,1,2,3,,,,,6,,,,ibex,ibex,,,,,,,,,0,9.578650409
10,SE_1_6,SE_1_6,2022,11,1,,1202,10,,0,1,,,,,,,,,,,,,,,,,,0,Munkhtulga,43.61763,101.98397,,ibex,1,,,1,4,,4,,10,9.578650409
10,SE_1_6,SE_1_6,2022,11,1,,1235,4,,0,1,,,,,,,,,,,,,,,,,,0,Munkhtulga,43.61502,101.97291,,argali,,,,,2,,2,,4,9.578650409
